df,ID
df,ID
df,ID
df,ID
df,ID
df,ID
df,ID
df,ID
df,ID
df,ID
df,ID
df,ID
df,ID
df,ID
df,ID
df,ID
df,ID
df,ID
df,ID
df,ID
df,ID
df,ID
df,ID
df,ID
df,ID
df,ID
df,ID
df,ID
df,ID
df,ID
df,ID
df,ID
df,ID
df,ID
df,ID
df,ID
df,ID
df,ID
df,ID
df,ID
df,ID
df,ID
df,ID
df,ID
df,ID
df,ID
df,ID
df,ID
df,ID
df,ID
df,ID
df,ID
df,ID
df,ID
df,ID
df,ID
df,ID
df,ID
df,ID
df,ID
df,ID
df,ID
df,ID
df,ID
df,ID
df,ID
df,ID
df,ID
df,ID
df,ID
df,ID
df,ID
df,ID
df,ID
df,ID
df,ID
df,ID
df,ID
df,ID
df,ID
df,ID
df,ID
df,ID
df,ID
df,ID
df,ID
df,ID
df,ID
df,ID
df,ID
df,ID
df,ID
df,ID
df,ID
df,ID
df,ID
df,ID
df,ID
df,ID
df,ID
df,ID
df,ID
df,ID
df,ID
df,ID
df,ID
df,ID
df,ID
df,ID
df,ID
df,ID
df,ID
df,ID
df,ID
df,ID
df,ID
df,ID
df,ID
df,ID
df,ID
df,ID
df,ID
df,ID
df,ID
df,ID
df,ID
df,ID
df,ID
df,ID
df,ID
df,ID
df,ID
df,ID
df,ID
df,ID
df,ID
df,ID
df,ID
df,ID
df,ID
df,ID
df,ID
df,ID
df,ID
df,ID
df,ID
df,ID
df,ID
df,ID
df,ID
df,ID
df,ID
df,ID
df,ID
df,ID
df,ID
df,ID
df,ID
df,ID
df,ID
df,ID
df,ID
df,ID
df,ID
df,ID
df,ID
df,ID
df,ID
df,ID
df,ID
df,ID
df,ID
df,ID
df,ID
df,ID
df,ID
df,ID
df,ID
df,ID
df,ID
df,ID
df,ID
df,ID
df,ID
df,ID
df,ID
df,ID
df,ID
df,ID
df,ID
df,ID
df,ID
df,ID
df,ID
df,ID
df,ID
df,ID
df,ID
df,ID
df,ID
df,ID
df,ID
df,ID
df,ID
df,ID
df,ID
df,ID
df,ID
df,ID
df,ID
df,ID
df,ID
df,ID
df,ID
df,ID
df,ID
df,ID
df,ID
df,ID
df,ID
df,ID
df,ID
df,ID
df,ID
df,ID
df,ID
df,ID
df,ID
df,ID
df,ID
df,ID
df,ID
df,ID
df,ID
df,ID
df,ID
df,ID
df,ID
df,ID
df,ID
df,ID
df,ID
df,ID
df,ID
df,ID
df,ID
df,ID
df,ID
df,ID
df,ID
df,ID
df,ID
df,ID
df,ID
df,ID
df,ID
df,ID
df,ID
df,ID
df,ID
df,ID
df,ID
df,ID
df,ID
df,ID
df,ID
df,ID
df,ID
df,ID
df,ID
df,ID
df,ID
df,ID
df,ID
df,ID
df,ID
df,ID
df,ID
df,ID
df,ID
df,ID
df,ID
df,ID
df,ID
df,ID
df,ID
df,ID
df,ID
df,ID
df,ID
df,ID
df,ID
df,ID
df,ID
df,ID
df,ID
df,ID
df,ID
df,ID
df,ID
df,ID
df,ID
df,ID
df,ID
df,ID
df,ID
df,ID
df,ID
df,ID
df,ID
df,ID
df,ID
df,ID
df,ID
df,ID
df,ID
df,ID
df,ID
df,ID
df,ID
df,ID
df,ID
df,ID
df,ID
df,ID
df,ID
df,ID
df,ID
df,ID
df,ID
df,ID
df,ID
df,ID
df,ID
df,ID
df,ID
df,ID
df,ID
df,ID
df,ID
df,ID
df,ID
df,ID
df,ID
df,ID
df,ID
df,ID
df,ID
df,ID
df,ID
df,ID
df,ID
df,ID
df,ID
df,ID
df,ID
df,ID
df,ID
df,ID
df,ID
df,ID
df,ID
df,ID
df,ID
df,ID
df,ID
df,ID
df,ID
df,ID
df,ID
df,ID
df,ID
df,ID
df,ID
df,ID
df,ID
df,ID
df,ID
df,ID
df,ID
df,ID
df,ID
df,ID
df,ID
df,ID
df,ID
df,ID
df,ID
df,ID
df,ID
df,ID
df,ID
df,ID
df,ID
df,ID
df,ID
df,ID
df,ID
df,ID
df,ID
df,ID
df,ID
df,ID
df,ID
df,ID
df,ID
df,ID
df,ID
df,ID
df,ID
df,ID
df,ID
df,ID
df,ID
df,ID
df,ID
df,ID
df,ID
df,ID
df,ID
df,ID
df,ID
df,ID
df,ID
df,ID
df,ID
df,ID
df,ID
df,ID
df,ID
df,ID
df,ID
df,ID
df,ID
df,ID
df,ID
df,ID
df,ID
df,ID
df,ID
df,ID
df,ID
df,ID
df,ID
df,ID
df,ID
df,ID
df,ID
df,ID
df,ID
